Training MSE,Testing MSE
0.09449139648633745,0.5016848310635371
