Training MSE,Testing MSE
0.49130029366628536,0.5016848310635371
